<?xml version="1.0" encoding="UTF-8" standalone="no"?><TaskList Version="2.0"><Task Active="false" ConnectorKind="local" CreationDate="2015-03-12 21:27:40.356 +0800" DueDate="" EndDate="" Estimated="0" Handle="local-1" Kind="task" Label="New messages Handler" LastModified="now" MarkReadPending="false" ModificationDate="" Notes="Procedure:&#10;1. handle cached non-handled messages, update chats view&#10;2. update contact list with non-handled messages flags (add &quot;newmsgcnt&quot; attribute to ContentValues) before loading it to Contact ListView&#10;3. modify contact layout adding new message notifier&#10;4. at contact list adapter, dynamically show message notifier using &quot;newmsgcnt&quot; attribute in contact's ContentValues" NotifiedIncoming="true" Owner="local" Priority="P3" Reminded="false" RepositoryUrl="local" ScheduledEndDate="2015-03-14 23:59:59.999 +0800" ScheduledStartDate="2015-03-08 00:00:00.0 +0800" Stale="false" TaskId="1" offlineSyncState="SYNCHRONIZED"/><Task Active="false" ConnectorKind="local" CreationDate="2015-03-12 21:53:15.767 +0800" DueDate="" EndDate="" Estimated="0" Handle="local-5" Kind="task" Label="messages&amp;chats cache: sender  info update" LastModified="now" MarkReadPending="false" ModificationDate="" Notes="Update messagecache &amp; chats table with online sender avatars &amp; nicknames&#10;at: loadOnlineFriendList()" NotifiedIncoming="true" Owner="local" Priority="P3" Reminded="false" RepositoryUrl="local" ScheduledEndDate="2015-03-14 23:59:59.999 +0800" ScheduledStartDate="2015-03-08 00:00:00.0 +0800" Stale="false" TaskId="5" offlineSyncState="SYNCHRONIZED"/><Task Active="false" ConnectorKind="local" CreationDate="2015-03-12 21:38:03.132 +0800" DueDate="" EndDate="" Estimated="0" Handle="local-4" Kind="task" Label="User tags &amp; friend searching view" LastModified="now" MarkReadPending="false" ModificationDate="" Notes="" NotifiedIncoming="true" Owner="local" Priority="P3" Reminded="false" RepositoryUrl="local" ScheduledEndDate="2015-03-21 23:59:59.999 +0800" ScheduledStartDate="2015-03-15 00:00:00.0 +0800" Stale="false" TaskId="4" offlineSyncState="SYNCHRONIZED"/><Task Active="false" ConnectorKind="local" CreationDate="2015-03-12 21:37:21.565 +0800" DueDate="" EndDate="" Estimated="0" Handle="local-3" Kind="task" Label="User profile page" LastModified="now" MarkReadPending="false" ModificationDate="" Notes="" NotifiedIncoming="true" Owner="local" Priority="P3" Reminded="false" RepositoryUrl="local" ScheduledEndDate="2015-03-21 23:59:59.999 +0800" ScheduledStartDate="2015-03-15 00:00:00.0 +0800" Stale="false" TaskId="3" offlineSyncState="SYNCHRONIZED"/><Task Active="false" ConnectorKind="local" CreationDate="2015-03-12 21:36:39.405 +0800" DueDate="" EndDate="" Estimated="0" Handle="local-2" Kind="task" Label="Chat view" LastModified="now" MarkReadPending="false" ModificationDate="" Notes="" NotifiedIncoming="true" Owner="local" Priority="P3" Reminded="false" RepositoryUrl="local" ScheduledEndDate="2015-03-14 23:59:59.999 +0800" ScheduledStartDate="2015-03-08 00:00:00.0 +0800" Stale="false" TaskId="2" offlineSyncState="SYNCHRONIZED"/><TaskCategory Handle="Uncategorized" Name="Uncategorized"><TaskReference Handle="local-1"/><TaskReference Handle="local-2"/><TaskReference Handle="local-3"/><TaskReference Handle="local-4"/><TaskReference Handle="local-5"/></TaskCategory></TaskList>